PrefixPE/1	AATGATACGGCGACCACCGAGATCTACACTCTTTCCCTACACGACGCTCTTCCGATCT
PrefixPE/2	CAAGCAGAAGACGGCATACGAGATCGGTCTCGGCATTCCTGCTGAACCGCTCTTCCGATCT
PCR_Primer1	AATGATACGGCGACCACCGAGATCTACACTCTTTCCCTACACGACGCTCTTCCGATCT
PCR_Primer1_rc	AGATCGGAAGAGCGTCGTGTAGGGAAAGAGTGTAGATCTCGGTGGTCGCCGTATCATT
PCR_Primer2	CAAGCAGAAGACGGCATACGAGATCGGTCTCGGCATTCCTGCTGAACCGCTCTTCCGATCT
PCR_Primer2_rc	AGATCGGAAGAGCGGTTCAGCAGGAATGCCGAGACCGATCTCGTATGCCGTCTTCTGCTTG
FlowCell1	TTTTTTTTTTAATGATACGGCGACCACCGAGATCTACAC
FlowCell2	TTTTTTTTTTCAAGCAGAAGACGGCATACGA>TruSeq2_SE
GATCGGAAGAGCTCGTATGCCGTCTTCTGCTTG	>TruSeq2_PE_f
GATCGGAAGAGCGTCGTGTAGGGAAAGAGTGT	>TruSeq2_PE_r
GATCGGAAGAGCGGTTCAGCAGGAATGCCGAG>PrefixPE/1	TACACTCTTTCCCTACACGACGCTCTTCCGATCT
PrefixPE/2	GTGACTGGAGTTCAGACGTGTGCTCTTCCGATCT
PE1	TACACTCTTTCCCTACACGACGCTCTTCCGATCT
PE1_rc	AGATCGGAAGAGCGTCGTGTAGGGAAAGAGTGTA
PE2	GTGACTGGAGTTCAGACGTGTGCTCTTCCGATCT
PE2_rc	AGATCGGAAGAGCACACGTCTGAACTCCAGTCAC>PrefixPE/1
ACACTCTTTCCCTACACGACGCTCTTCCGATCT	>PrefixPE/2
TGACTGGAGTTCAGACGTGTGCTCTTCCGATCT>TruSeq3_IndexedAdapter	AGATCGGAAGAGCACACGTCTGAACTCCAGTCAC
TruSeq3_UniversalAdapter	AGATCGGAAGAGCGTCGTGTAGGGAAAGAGTGTA

